mote_id,monitored_time,on_time,tx_time,rx_time,int_time
0,0.0,0.0,0.0,0.0,0.0
1,0.0,0.0,0.0,0.0,0.0
2,0.0,0.0,0.0,0.0,0.0
3,0.0,0.0,0.0,0.0,0.0
4,0.0,0.0,0.0,0.0,0.0
5,0.0,0.0,0.0,0.0,0.0
6,0.0,0.0,0.0,0.0,0.0
7,0.0,0.0,0.0,0.0,0.0
8,0.0,0.0,0.0,0.0,0.0
9,0.0,0.0,0.0,0.0,0.0
10,0.0,0.0,0.0,0.0,0.0
11,0.0,0.0,0.0,0.0,0.0
0,0.0,0.0,0.0,0.0,0.0
1,0.0,0.0,0.0,0.0,0.0
2,1.0,0.0,0.0,0.0,0.0
3,0.0,0.0,0.0,0.0,0.0
4,0.0,0.0,0.0,0.0,0.0
5,0.0,0.0,0.0,0.0,0.0
6,1.0,0.0,0.0,0.0,0.0
7,0.0,0.0,0.0,0.0,0.0
8,0.0,0.0,0.0,0.0,0.0
9,0.0,0.0,0.0,0.0,0.0
10,0.0,0.0,0.0,0.0,0.0
11,0.0,0.0,0.0,0.0,0.0
0,2.0,0.0,0.0,0.0,0.0
1,2.0,0.0,0.0,0.0,0.0
2,2.0,0.0,0.0,0.0,0.0
3,2.0,0.0,0.0,0.0,0.0
4,2.0,0.0,0.0,0.0,0.0
5,2.0,0.0,0.0,0.0,0.0
6,2.0,0.0,0.0,0.0,0.0
7,2.0,0.0,0.0,0.0,0.0
8,2.0,0.0,0.0,0.0,0.0
9,2.0,0.0,0.0,0.0,0.0
10,2.0,0.0,0.0,0.0,0.0
11,2.0,0.0,0.0,0.0,0.0
0,4.0,0.0,0.0,0.0,0.0
1,4.0,0.0,0.0,0.0,0.0
2,4.0,0.0,0.0,0.0,0.0
3,4.0,0.0,0.0,0.0,0.0
4,4.0,0.0,0.0,0.0,0.0
5,4.0,0.0,0.0,0.0,0.0
6,4.0,0.0,0.0,0.0,0.0
7,4.0,0.0,0.0,0.0,0.0
8,4.0,0.0,0.0,0.0,0.0
9,4.0,0.0,0.0,0.0,0.0
10,4.0,0.0,0.0,0.0,0.0
11,4.0,0.0,0.0,0.0,0.0
0,5.0,0.0,0.0,0.0,0.0
1,5.0,0.0,0.0,0.0,0.0
2,5.0,0.0,0.0,0.0,0.0
3,5.0,0.0,0.0,0.0,0.0
4,5.0,0.0,0.0,0.0,0.0
5,5.0,0.0,0.0,0.0,0.0
6,5.0,0.0,0.0,0.0,0.0
7,5.0,0.0,0.0,0.0,0.0
8,5.0,0.0,0.0,0.0,0.0
9,5.0,0.0,0.0,0.0,0.0
10,5.0,0.0,0.0,0.0,0.0
11,5.0,0.0,0.0,0.0,0.0
0,6.0,0.0,0.0,0.0,0.0
1,6.0,0.0,0.0,0.0,0.0
2,6.0,0.0,0.0,0.0,0.0
3,6.0,0.0,0.0,0.0,0.0
4,6.0,0.0,0.0,0.0,0.0
5,6.0,0.0,0.0,0.0,0.0
6,6.0,0.0,0.0,0.0,0.0
7,6.0,0.0,0.0,0.0,0.0
8,6.0,0.0,0.0,0.0,0.0
9,6.0,0.0,0.0,0.0,0.0
10,6.0,0.0,0.0,0.0,0.0
11,6.0,0.0,0.0,0.0,0.0
0,7.0,0.0,0.0,0.0,0.0
1,7.0,0.0,0.0,0.0,0.0
2,7.0,0.0,0.0,0.0,0.0
3,7.0,0.0,0.0,0.0,0.0
4,7.0,0.0,0.0,0.0,0.0
5,7.0,0.0,0.0,0.0,0.0
6,7.0,0.0,0.0,0.0,0.0
7,7.0,0.0,0.0,0.0,0.0
8,7.0,0.0,0.0,0.0,0.0
9,7.0,0.0,0.0,0.0,0.0
10,7.0,0.0,0.0,0.0,0.0
11,7.0,0.0,0.0,0.0,0.0
0,8.0,0.0,0.0,0.0,0.0
1,8.0,0.0,0.0,0.0,0.0
2,8.0,0.0,0.0,0.0,0.0
3,8.0,0.0,0.0,0.0,0.0
4,8.0,0.0,0.0,0.0,0.0
5,8.0,0.0,0.0,0.0,0.0
6,8.0,0.0,0.0,0.0,0.0
7,8.0,0.0,0.0,0.0,0.0
8,8.0,0.0,0.0,0.0,0.0
9,8.0,0.0,0.0,0.0,0.0
10,8.0,0.0,0.0,0.0,0.0
11,8.0,0.0,0.0,0.0,0.0
0,9.0,0.0,0.0,0.0,0.0
1,9.0,0.0,0.0,0.0,0.0
2,9.0,0.0,0.0,0.0,0.0
3,9.0,0.0,0.0,0.0,0.0
4,9.0,1.0,0.0,0.0,0.0
5,9.0,0.0,0.0,0.0,0.0
6,9.0,0.0,0.0,0.0,0.0
7,9.0,0.0,0.0,0.0,0.0
8,9.0,0.0,0.0,0.0,0.0
9,9.0,0.0,0.0,0.0,0.0
10,9.0,0.0,0.0,0.0,0.0
11,9.0,0.0,0.0,0.0,0.0
0,11.0,0.0,0.0,0.0,0.0
1,11.0,0.0,0.0,0.0,0.0
2,11.0,0.0,0.0,0.0,0.0
3,11.0,1.0,0.0,0.0,0.0
4,11.0,1.0,0.0,0.0,0.0
5,11.0,0.0,0.0,0.0,0.0
6,11.0,0.0,0.0,0.0,0.0
7,11.0,0.0,0.0,0.0,0.0
8,11.0,0.0,0.0,0.0,0.0
9,11.0,0.0,0.0,0.0,0.0
10,11.0,0.0,0.0,0.0,0.0
11,11.0,0.0,0.0,0.0,0.0
0,12.0,0.0,0.0,0.0,0.0
1,12.0,0.0,0.0,0.0,0.0
2,12.0,0.0,0.0,0.0,0.0
3,12.0,1.0,0.0,0.0,0.0
4,12.0,1.0,0.0,0.0,0.0
5,12.0,0.0,0.0,0.0,0.0
6,12.0,0.0,0.0,0.0,0.0
7,12.0,0.0,0.0,0.0,0.0
8,12.0,0.0,0.0,0.0,0.0
9,12.0,0.0,0.0,0.0,0.0
10,12.0,0.0,0.0,0.0,0.0
11,12.0,0.0,0.0,0.0,0.0
0,13.0,0.0,0.0,0.0,0.0
1,13.0,0.0,0.0,0.0,0.0
2,13.0,0.0,0.0,0.0,0.0
3,13.0,1.0,0.0,0.0,0.0
4,13.0,1.0,0.0,0.0,0.0
5,13.0,0.0,0.0,0.0,0.0
6,13.0,0.0,0.0,0.0,0.0
7,13.0,0.0,0.0,0.0,0.0
8,13.0,0.0,0.0,0.0,0.0
9,13.0,0.0,0.0,0.0,0.0
10,13.0,0.0,0.0,0.0,0.0
11,13.0,0.0,0.0,0.0,0.0
0,14.0,0.0,0.0,0.0,0.0
1,14.0,0.0,0.0,0.0,0.0
2,14.0,0.0,0.0,0.0,0.0
3,14.0,1.0,0.0,0.0,0.0
4,14.0,1.0,0.0,0.0,0.0
5,14.0,0.0,0.0,0.0,0.0
6,14.0,0.0,0.0,0.0,0.0
7,14.0,0.0,0.0,0.0,0.0
8,14.0,0.0,0.0,0.0,0.0
9,14.0,0.0,0.0,0.0,0.0
10,14.0,0.0,0.0,0.0,0.0
11,14.0,0.0,0.0,0.0,0.0
0,15.0,0.0,0.0,0.0,0.0
1,15.0,0.0,0.0,0.0,0.0
2,15.0,0.0,0.0,0.0,0.0
3,15.0,1.0,0.0,0.0,0.0
4,15.0,1.0,0.0,0.0,0.0
5,15.0,0.0,0.0,0.0,0.0
6,15.0,0.0,0.0,0.0,0.0
7,15.0,0.0,0.0,0.0,0.0
8,15.0,0.0,0.0,0.0,0.0
9,15.0,0.0,0.0,0.0,0.0
10,15.0,0.0,0.0,0.0,0.0
11,15.0,0.0,0.0,0.0,0.0
0,16.0,0.0,0.0,0.0,0.0
1,16.0,0.0,0.0,0.0,0.0
2,16.0,0.0,0.0,0.0,0.0
3,16.0,1.0,0.0,0.0,0.0
4,16.0,1.0,0.0,0.0,0.0
5,16.0,1.0,0.0,0.0,0.0
6,16.0,0.0,0.0,0.0,0.0
7,16.0,0.0,0.0,0.0,0.0
8,16.0,0.0,0.0,0.0,0.0
9,16.0,0.0,0.0,0.0,0.0
10,16.0,0.0,0.0,0.0,0.0
11,16.0,0.0,0.0,0.0,0.0
0,18.0,0.0,0.0,0.0,0.0
1,18.0,0.0,0.0,0.0,0.0
2,18.0,0.0,0.0,0.0,0.0
3,18.0,1.0,0.0,0.0,0.0
4,18.0,1.0,0.0,0.0,0.0
5,18.0,2.0,1.0,0.0,0.0
6,18.0,1.0,1.0,0.0,0.0
7,18.0,0.0,0.0,0.0,0.0
8,18.0,0.0,0.0,0.0,0.0
9,18.0,0.0,0.0,0.0,0.0
10,18.0,0.0,0.0,0.0,0.0
11,18.0,0.0,0.0,0.0,0.0
0,19.0,0.0,0.0,0.0,0.0
1,19.0,0.0,0.0,0.0,0.0
2,19.0,0.0,0.0,0.0,0.0
3,19.0,2.0,1.0,0.0,0.0
4,19.0,1.0,0.0,0.0,0.0
5,19.0,2.0,1.0,0.0,0.0
6,19.0,1.0,1.0,0.0,0.0
7,19.0,0.0,0.0,0.0,0.0
8,19.0,0.0,0.0,0.0,0.0
9,19.0,2.0,1.0,0.0,0.0
10,19.0,1.0,0.0,0.0,0.0
11,19.0,0.0,0.0,0.0,0.0
0,20.0,0.0,0.0,0.0,0.0
1,20.0,0.0,0.0,0.0,0.0
2,20.0,0.0,0.0,0.0,0.0
3,20.0,2.0,1.0,0.0,0.0
4,20.0,2.0,1.0,0.0,0.0
5,20.0,2.0,2.0,0.0,0.0
6,20.0,1.0,1.0,0.0,0.0
7,20.0,0.0,0.0,0.0,0.0
8,20.0,1.0,1.0,0.0,0.0
9,20.0,2.0,2.0,0.0,0.0
10,20.0,1.0,0.0,0.0,0.0
11,20.0,0.0,0.0,0.0,0.0
0,21.0,0.0,0.0,0.0,0.0
1,21.0,0.0,0.0,0.0,0.0
2,21.0,0.0,0.0,0.0,0.0
3,21.0,3.0,2.0,0.0,0.0
4,21.0,2.0,1.0,0.0,0.0
5,21.0,2.0,2.0,0.0,0.0
6,21.0,1.0,1.0,0.0,0.0
7,21.0,1.0,0.0,0.0,0.0
8,21.0,2.0,1.0,0.0,0.0
9,21.0,2.0,2.0,0.0,0.0
10,21.0,1.0,0.0,0.0,0.0
11,21.0,0.0,0.0,0.0,0.0
0,22.0,0.0,0.0,0.0,0.0
1,22.0,0.0,0.0,0.0,0.0
2,22.0,1.0,0.0,0.0,0.0
3,22.0,3.0,2.0,0.0,0.0
4,22.0,4.0,2.0,0.0,0.0
5,22.0,3.0,2.0,0.0,0.0
6,22.0,1.0,1.0,0.0,0.0
7,22.0,1.0,0.0,0.0,0.0
8,22.0,2.0,1.0,0.0,0.0
9,22.0,2.0,2.0,0.0,0.0
10,22.0,1.0,0.0,0.0,0.0
11,22.0,1.0,0.0,0.0,0.0
0,24.0,0.0,0.0,0.0,0.0
1,24.0,0.0,0.0,0.0,0.0
2,24.0,2.0,1.0,0.0,0.0
3,24.0,3.0,2.0,0.0,0.0
4,24.0,4.0,3.0,0.0,0.0
5,24.0,4.0,3.0,0.0,0.0
6,24.0,2.0,1.0,0.0,0.0
7,24.0,1.0,0.0,0.0,0.0
8,24.0,2.0,1.0,0.0,0.0
9,24.0,2.0,2.0,0.0,0.0
10,24.0,1.0,0.0,0.0,0.0
11,24.0,1.0,0.0,0.0,0.0
0,25.0,0.0,0.0,0.0,0.0
1,25.0,1.0,0.0,0.0,0.0
2,25.0,2.0,1.0,0.0,0.0
3,25.0,4.0,3.0,0.0,1.0
4,25.0,4.0,3.0,0.0,0.0
5,25.0,4.0,3.0,0.0,0.0
6,25.0,3.0,2.0,0.0,0.0
7,25.0,1.0,0.0,0.0,0.0
8,25.0,3.0,2.0,0.0,0.0
9,25.0,3.0,2.0,0.0,0.0
10,25.0,1.0,1.0,0.0,0.0
11,25.0,1.0,0.0,0.0,0.0
0,26.0,0.0,0.0,0.0,0.0
1,26.0,1.0,0.0,0.0,0.0
2,26.0,2.0,1.0,0.0,0.0
3,26.0,5.0,3.0,0.0,1.0
4,26.0,4.0,3.0,0.0,0.0
5,26.0,4.0,3.0,0.0,1.0
6,26.0,3.0,2.0,0.0,0.0
7,26.0,1.0,0.0,0.0,0.0
8,26.0,4.0,2.0,0.0,0.0
9,26.0,3.0,2.0,0.0,0.0
10,26.0,1.0,1.0,0.0,0.0
11,26.0,1.0,0.0,0.0,0.0
0,27.0,0.0,0.0,0.0,0.0
1,27.0,1.0,0.0,0.0,0.0
2,27.0,2.0,1.0,0.0,0.0
3,27.0,5.0,3.0,0.0,1.0
4,27.0,5.0,3.0,0.0,1.0
5,27.0,5.0,3.0,0.0,1.0
6,27.0,3.0,2.0,0.0,0.0
7,27.0,1.0,1.0,0.0,0.0
8,27.0,4.0,2.0,0.0,0.0
9,27.0,3.0,2.0,0.0,0.0
10,27.0,1.0,1.0,0.0,0.0
11,27.0,1.0,0.0,0.0,0.0
0,28.0,0.0,0.0,0.0,0.0
1,28.0,1.0,0.0,0.0,0.0
2,28.0,2.0,1.0,0.0,0.0
3,28.0,5.0,4.0,0.0,1.0
4,28.0,5.0,4.0,0.0,1.0
5,28.0,5.0,4.0,0.0,1.0
6,28.0,4.0,2.0,0.0,0.0
7,28.0,1.0,1.0,0.0,0.0
8,28.0,4.0,3.0,0.0,0.0
9,28.0,3.0,2.0,0.0,0.0
10,28.0,1.0,1.0,0.0,0.0
11,28.0,1.0,0.0,0.0,0.0
0,29.0,0.0,0.0,0.0,0.0
1,30.0,2.0,1.0,0.0,0.0
2,30.0,2.0,1.0,0.0,0.0
3,30.0,5.0,4.0,0.0,1.0
4,30.0,5.0,4.0,0.0,1.0
5,30.0,5.0,4.0,0.0,1.0
6,30.0,4.0,2.0,0.0,0.0
7,30.0,1.0,1.0,0.0,0.0
8,30.0,4.0,3.0,0.0,0.0
9,30.0,3.0,2.0,0.0,0.0
10,30.0,1.0,1.0,0.0,0.0
11,30.0,2.0,1.0,0.0,0.0
0,31.0,0.0,0.0,0.0,0.0
1,31.0,2.0,1.0,0.0,0.0
2,31.0,2.0,1.0,0.0,0.0
3,31.0,5.0,4.0,0.0,1.0
4,31.0,5.0,4.0,0.0,1.0
5,31.0,6.0,4.0,0.0,1.0
6,31.0,4.0,2.0,0.0,1.0
7,31.0,1.0,1.0,0.0,0.0
8,31.0,4.0,3.0,0.0,1.0
9,31.0,3.0,2.0,0.0,0.0
10,31.0,1.0,1.0,0.0,0.0
11,31.0,4.0,2.0,0.0,0.0
0,32.0,0.0,0.0,0.0,0.0
1,32.0,2.0,1.0,0.0,0.0
2,32.0,2.0,1.0,0.0,0.0
3,32.0,6.0,4.0,0.0,1.0
4,32.0,5.0,4.0,0.0,1.0
5,32.0,6.0,4.0,0.0,1.0
6,32.0,4.0,2.0,0.0,1.0
7,32.0,1.0,1.0,0.0,0.0
8,32.0,4.0,3.0,0.0,1.0
9,32.0,3.0,2.0,0.0,0.0
10,32.0,1.0,1.0,0.0,0.0
11,32.0,5.0,3.0,0.0,0.0
0,33.0,0.0,0.0,0.0,0.0
1,33.0,2.0,1.0,0.0,0.0
2,33.0,2.0,1.0,0.0,0.0
3,33.0,6.0,4.0,0.0,1.0
4,33.0,6.0,4.0,0.0,1.0
5,33.0,6.0,4.0,0.0,1.0
6,33.0,4.0,3.0,0.0,1.0
7,33.0,1.0,1.0,0.0,0.0
8,33.0,4.0,3.0,0.0,1.0
9,33.0,3.0,2.0,0.0,0.0
10,33.0,1.0,1.0,0.0,0.0
11,33.0,5.0,3.0,0.0,0.0
0,34.0,0.0,0.0,0.0,0.0
1,34.0,2.0,1.0,0.0,0.0
2,34.0,3.0,1.0,0.0,0.0
3,34.0,6.0,4.0,0.0,1.0
4,34.0,6.0,4.0,0.0,1.0
5,34.0,6.0,4.0,0.0,1.0
6,34.0,4.0,3.0,0.0,1.0
7,34.0,1.0,1.0,0.0,0.0
8,34.0,5.0,3.0,0.0,1.0
9,34.0,3.0,2.0,0.0,0.0
10,34.0,2.0,1.0,0.0,0.0
11,34.0,5.0,3.0,0.0,0.0
0,35.0,0.0,0.0,0.0,0.0
1,36.0,2.0,1.0,0.0,0.0
2,36.0,3.0,1.0,0.0,0.0
3,36.0,6.0,4.0,0.0,1.0
4,36.0,6.0,4.0,0.0,1.0
5,36.0,6.0,4.0,0.0,1.0
6,36.0,4.0,3.0,0.0,1.0
7,36.0,1.0,1.0,0.0,0.0
8,36.0,5.0,3.0,0.0,1.0
9,36.0,3.0,2.0,0.0,0.0
10,36.0,2.0,1.0,0.0,0.0
11,36.0,6.0,4.0,0.0,0.0
0,38.0,0.0,0.0,0.0,0.0
1,38.0,2.0,1.0,0.0,0.0
2,38.0,3.0,1.0,0.0,0.0
3,38.0,7.0,4.0,0.0,1.0
4,38.0,6.0,4.0,0.0,1.0
5,38.0,6.0,4.0,0.0,1.0
6,38.0,4.0,3.0,0.0,1.0
7,38.0,1.0,1.0,0.0,0.0
8,38.0,6.0,4.0,0.0,1.0
9,38.0,4.0,3.0,0.0,0.0
10,38.0,3.0,2.0,0.0,1.0
11,38.0,7.0,5.0,0.0,0.0
0,39.0,0.0,0.0,0.0,0.0
1,39.0,2.0,1.0,0.0,0.0
2,39.0,3.0,1.0,0.0,0.0
3,39.0,7.0,5.0,0.0,1.0
4,39.0,7.0,4.0,0.0,1.0
5,39.0,6.0,4.0,0.0,1.0
6,39.0,4.0,3.0,0.0,1.0
7,39.0,1.0,1.0,0.0,0.0
8,39.0,7.0,5.0,0.0,1.0
9,39.0,4.0,3.0,0.0,0.0
10,39.0,3.0,2.0,0.0,1.0
11,39.0,7.0,5.0,0.0,1.0
0,39.0,0.0,0.0,0.0,0.0
1,39.0,2.0,1.0,0.0,0.0
2,39.0,3.0,1.0,0.0,0.0
3,39.0,7.0,5.0,0.0,1.0
4,39.0,7.0,4.0,0.0,1.0
5,39.0,6.0,4.0,0.0,1.0
6,39.0,4.0,3.0,0.0,1.0
7,39.0,1.0,1.0,0.0,0.0
8,39.0,7.0,5.0,0.0,1.0
9,39.0,4.0,3.0,0.0,0.0
10,39.0,3.0,2.0,0.0,1.0
11,39.0,7.0,5.0,0.0,1.0
0,41.0,1.0,0.0,0.0,0.0
1,41.0,2.0,1.0,0.0,0.0
2,41.0,3.0,1.0,0.0,0.0
3,41.0,7.0,5.0,0.0,1.0
4,41.0,7.0,4.0,0.0,1.0
5,41.0,6.0,4.0,0.0,1.0
6,41.0,5.0,3.0,0.0,1.0
7,41.0,1.0,1.0,0.0,0.0
8,41.0,7.0,5.0,0.0,1.0
9,41.0,4.0,3.0,0.0,0.0
10,41.0,3.0,2.0,0.0,1.0
11,41.0,8.0,5.0,0.0,1.0
0,42.0,1.0,0.0,0.0,0.0
1,42.0,3.0,2.0,0.0,0.0
2,42.0,3.0,1.0,0.0,0.0
3,42.0,7.0,5.0,0.0,1.0
4,42.0,7.0,4.0,0.0,1.0
5,42.0,6.0,4.0,0.0,1.0
6,42.0,5.0,3.0,0.0,1.0
7,42.0,1.0,1.0,0.0,0.0
8,42.0,7.0,5.0,0.0,1.0
9,42.0,4.0,3.0,0.0,0.0
10,42.0,3.0,2.0,0.0,1.0
11,42.0,9.0,6.0,0.0,1.0
0,43.0,1.0,0.0,0.0,0.0
1,43.0,3.0,2.0,0.0,0.0
2,43.0,3.0,1.0,0.0,0.0
3,43.0,7.0,5.0,0.0,1.0
4,43.0,7.0,4.0,0.0,1.0
5,43.0,6.0,4.0,0.0,1.0
6,43.0,5.0,3.0,0.0,1.0
7,43.0,1.0,1.0,0.0,0.0
8,43.0,7.0,5.0,0.0,1.0
9,43.0,4.0,3.0,0.0,0.0
10,43.0,3.0,2.0,0.0,1.0
11,43.0,10.0,7.0,0.0,1.0
0,44.0,1.0,0.0,0.0,0.0
1,44.0,3.0,2.0,0.0,1.0
2,44.0,3.0,1.0,0.0,0.0
3,44.0,7.0,5.0,0.0,1.0
4,44.0,7.0,4.0,0.0,1.0
5,44.0,6.0,4.0,0.0,1.0
6,44.0,5.0,3.0,0.0,1.0
7,44.0,1.0,1.0,0.0,0.0
8,44.0,8.0,5.0,0.0,1.0
9,44.0,4.0,3.0,0.0,0.0
10,44.0,4.0,2.0,0.0,1.0
11,44.0,11.0,7.0,0.0,1.0
0,45.0,1.0,0.0,0.0,0.0
1,45.0,3.0,2.0,0.0,1.0
2,45.0,3.0,1.0,0.0,0.0
3,45.0,7.0,5.0,0.0,1.0
4,45.0,7.0,4.0,0.0,1.0
5,45.0,6.0,4.0,0.0,1.0
6,45.0,5.0,3.0,0.0,1.0
7,45.0,1.0,1.0,0.0,0.0
8,45.0,8.0,5.0,0.0,1.0
9,45.0,4.0,3.0,0.0,0.0
10,45.0,4.0,2.0,0.0,1.0
11,45.0,11.0,7.0,0.0,1.0
0,47.0,1.0,0.0,0.0,0.0
1,47.0,4.0,2.0,0.0,1.0
2,47.0,3.0,1.0,0.0,0.0
3,47.0,7.0,5.0,0.0,1.0
4,47.0,7.0,5.0,0.0,1.0
5,47.0,8.0,5.0,0.0,1.0
6,47.0,5.0,3.0,0.0,1.0
7,47.0,1.0,1.0,0.0,0.0
8,47.0,8.0,5.0,0.0,1.0
9,47.0,4.0,3.0,0.0,0.0
10,47.0,5.0,3.0,0.0,1.0
11,47.0,11.0,7.0,0.0,1.0
0,48.0,1.0,0.0,0.0,0.0
1,48.0,5.0,3.0,0.0,1.0
2,48.0,3.0,1.0,0.0,0.0
3,48.0,7.0,5.0,0.0,1.0
4,48.0,8.0,5.0,0.0,1.0
5,48.0,8.0,5.0,0.0,1.0
6,48.0,5.0,3.0,0.0,1.0
7,48.0,1.0,1.0,0.0,0.0
8,48.0,9.0,6.0,0.0,1.0
9,48.0,4.0,3.0,0.0,1.0
10,48.0,5.0,3.0,0.0,1.0
11,48.0,11.0,7.0,0.0,1.0
0,49.0,1.0,0.0,0.0,0.0
1,49.0,5.0,3.0,0.0,1.0
2,49.0,3.0,1.0,0.0,0.0
3,49.0,7.0,5.0,0.0,1.0
4,49.0,8.0,5.0,0.0,1.0
5,49.0,8.0,5.0,0.0,1.0
6,49.0,5.0,3.0,0.0,1.0
7,49.0,1.0,1.0,0.0,0.0
8,49.0,9.0,6.0,0.0,1.0
9,49.0,4.0,3.0,0.0,1.0
10,49.0,5.0,3.0,0.0,1.0
11,49.0,11.0,7.0,0.0,1.0
0,50.0,1.0,0.0,0.0,0.0
1,50.0,5.0,3.0,0.0,1.0
2,50.0,4.0,2.0,0.0,1.0
3,50.0,8.0,5.0,0.0,1.0
4,50.0,8.0,5.0,0.0,1.0
5,50.0,9.0,6.0,0.0,2.0
6,50.0,6.0,4.0,0.0,1.0
7,50.0,1.0,1.0,0.0,0.0
8,50.0,9.0,6.0,0.0,2.0
9,50.0,4.0,3.0,0.0,1.0
10,50.0,5.0,3.0,0.0,1.0
11,50.0,11.0,7.0,0.0,1.0
0,51.0,1.0,0.0,0.0,0.0
1,51.0,5.0,3.0,0.0,1.0
2,51.0,4.0,2.0,0.0,1.0
3,51.0,8.0,5.0,0.0,1.0
4,51.0,8.0,5.0,0.0,1.0
5,51.0,9.0,6.0,0.0,2.0
6,51.0,6.0,4.0,0.0,1.0
7,51.0,2.0,1.0,0.0,0.0
8,51.0,9.0,6.0,0.0,2.0
9,51.0,4.0,3.0,0.0,1.0
10,51.0,5.0,3.0,0.0,1.0
11,51.0,11.0,7.0,0.0,1.0
0,52.0,1.0,0.0,0.0,0.0
1,52.0,6.0,4.0,0.0,1.0
2,52.0,4.0,2.0,0.0,1.0
3,52.0,8.0,5.0,0.0,1.0
4,52.0,8.0,5.0,0.0,1.0
5,52.0,9.0,6.0,0.0,2.0
6,52.0,6.0,4.0,0.0,1.0
7,52.0,2.0,1.0,0.0,0.0
8,52.0,9.0,6.0,0.0,2.0
9,52.0,4.0,3.0,0.0,1.0
10,52.0,5.0,3.0,0.0,1.0
11,52.0,11.0,7.0,0.0,1.0
0,54.0,1.0,0.0,0.0,0.0
1,54.0,6.0,4.0,0.0,1.0
2,54.0,4.0,2.0,0.0,1.0
3,54.0,8.0,5.0,0.0,1.0
4,54.0,8.0,5.0,0.0,2.0
5,54.0,9.0,6.0,0.0,2.0
6,54.0,6.0,4.0,0.0,1.0
7,54.0,2.0,1.0,0.0,0.0
8,54.0,9.0,6.0,0.0,2.0
9,54.0,4.0,3.0,0.0,1.0
10,54.0,5.0,3.0,0.0,1.0
11,54.0,11.0,7.0,0.0,1.0
0,56.0,1.0,0.0,0.0,0.0
1,57.0,6.0,4.0,0.0,1.0
2,56.0,4.0,2.0,0.0,1.0
3,56.0,8.0,5.0,0.0,1.0
4,57.0,8.0,5.0,0.0,2.0
5,56.0,9.0,6.0,0.0,2.0
6,57.0,7.0,4.0,0.0,1.0
7,56.0,2.0,1.0,0.0,0.0
8,57.0,9.0,6.0,0.0,2.0
9,56.0,4.0,3.0,0.0,1.0
10,56.0,5.0,3.0,0.0,1.0
11,56.0,11.0,7.0,0.0,1.0
0,56.0,1.0,0.0,0.0,0.0
1,57.0,6.0,4.0,0.0,1.0
2,56.0,4.0,2.0,0.0,1.0
3,56.0,8.0,5.0,0.0,1.0
4,57.0,8.0,5.0,0.0,2.0
5,56.0,9.0,6.0,0.0,2.0
6,57.0,7.0,4.0,0.0,1.0
7,56.0,2.0,1.0,0.0,0.0
8,57.0,9.0,6.0,0.0,2.0
9,56.0,4.0,3.0,0.0,1.0
10,56.0,5.0,3.0,0.0,1.0
11,56.0,11.0,7.0,0.0,1.0
0,57.0,1.0,0.0,0.0,0.0
1,57.0,6.0,4.0,0.0,1.0
2,57.0,4.0,2.0,0.0,1.0
3,57.0,8.0,5.0,0.0,1.0
4,57.0,8.0,5.0,0.0,2.0
5,57.0,9.0,6.0,0.0,2.0
6,57.0,7.0,4.0,0.0,1.0
7,57.0,2.0,1.0,0.0,0.0
8,57.0,9.0,6.0,0.0,2.0
9,57.0,4.0,3.0,0.0,1.0
10,57.0,5.0,3.0,0.0,1.0
11,57.0,11.0,7.0,0.0,1.0
0,59.0,1.0,0.0,0.0,0.0
1,59.0,6.0,4.0,0.0,1.0
2,59.0,4.0,2.0,0.0,1.0
3,59.0,8.0,5.0,0.0,1.0
4,59.0,8.0,5.0,0.0,2.0
5,59.0,9.0,6.0,0.0,2.0
6,59.0,7.0,4.0,0.0,1.0
7,59.0,2.0,1.0,0.0,0.0
8,59.0,9.0,6.0,0.0,2.0
9,59.0,4.0,3.0,0.0,1.0
10,59.0,5.0,3.0,0.0,1.0
11,59.0,11.0,7.0,0.0,1.0
0,61.0,1.0,0.0,0.0,0.0
1,61.0,6.0,4.0,0.0,1.0
2,61.0,4.0,2.0,0.0,1.0
3,61.0,8.0,5.0,0.0,1.0
4,61.0,8.0,5.0,0.0,2.0
5,61.0,9.0,6.0,0.0,2.0
6,61.0,7.0,4.0,0.0,1.0
7,61.0,2.0,1.0,0.0,0.0
8,61.0,9.0,6.0,0.0,2.0
9,61.0,4.0,3.0,0.0,1.0
10,61.0,5.0,3.0,0.0,1.0
11,61.0,11.0,8.0,0.0,1.0
0,61.0,1.0,0.0,0.0,0.0
1,61.0,6.0,4.0,0.0,1.0
2,61.0,4.0,2.0,0.0,1.0
3,61.0,8.0,5.0,0.0,1.0
4,61.0,8.0,5.0,0.0,2.0
5,61.0,9.0,6.0,0.0,2.0
6,61.0,7.0,4.0,0.0,1.0
7,61.0,2.0,1.0,0.0,0.0
8,61.0,9.0,6.0,0.0,2.0
9,61.0,4.0,3.0,0.0,1.0
10,61.0,5.0,3.0,0.0,1.0
11,61.0,11.0,8.0,0.0,1.0
0,63.0,1.0,0.0,0.0,0.0
1,63.0,6.0,4.0,0.0,1.0
2,63.0,4.0,2.0,0.0,1.0
3,63.0,8.0,5.0,0.0,1.0
4,63.0,9.0,6.0,0.0,2.0
5,63.0,9.0,6.0,0.0,2.0
6,63.0,7.0,4.0,0.0,1.0
7,63.0,2.0,1.0,0.0,0.0
8,63.0,9.0,6.0,0.0,2.0
9,63.0,4.0,3.0,0.0,1.0
10,63.0,5.0,3.0,0.0,1.0
11,63.0,11.0,8.0,0.0,1.0
0,65.0,1.0,0.0,0.0,0.0
1,65.0,6.0,4.0,0.0,1.0
2,65.0,4.0,2.0,0.0,1.0
3,65.0,8.0,5.0,0.0,1.0
4,65.0,9.0,6.0,0.0,2.0
5,65.0,9.0,6.0,0.0,2.0
6,65.0,7.0,4.0,0.0,1.0
7,65.0,2.0,1.0,0.0,0.0
8,65.0,9.0,6.0,0.0,2.0
9,65.0,4.0,3.0,0.0,1.0
10,65.0,5.0,3.0,0.0,1.0
11,65.0,11.0,8.0,0.0,1.0
0,65.0,1.0,0.0,0.0,0.0
1,65.0,6.0,4.0,0.0,1.0
2,65.0,4.0,2.0,0.0,1.0
3,65.0,8.0,5.0,0.0,1.0
4,65.0,9.0,6.0,0.0,2.0
5,65.0,9.0,6.0,0.0,2.0
6,65.0,7.0,4.0,0.0,1.0
7,65.0,2.0,1.0,0.0,0.0
8,65.0,9.0,6.0,0.0,2.0
9,65.0,4.0,3.0,0.0,1.0
10,65.0,5.0,3.0,0.0,1.0
11,65.0,11.0,8.0,0.0,1.0
0,66.0,1.0,0.0,0.0,0.0
1,66.0,6.0,4.0,0.0,1.0
2,66.0,4.0,2.0,0.0,1.0
3,66.0,8.0,5.0,0.0,1.0
4,66.0,9.0,6.0,0.0,2.0
5,66.0,9.0,6.0,0.0,2.0
6,66.0,7.0,4.0,0.0,1.0
7,66.0,2.0,1.0,0.0,0.0
8,66.0,9.0,6.0,0.0,2.0
9,66.0,4.0,3.0,0.0,1.0
10,66.0,5.0,3.0,0.0,1.0
11,66.0,11.0,8.0,0.0,1.0
0,67.0,1.0,0.0,0.0,0.0
1,67.0,6.0,4.0,0.0,1.0
2,67.0,4.0,2.0,0.0,1.0
3,67.0,8.0,5.0,0.0,1.0
4,67.0,9.0,6.0,0.0,2.0
5,67.0,9.0,6.0,0.0,2.0
6,67.0,7.0,4.0,0.0,1.0
7,67.0,2.0,1.0,0.0,0.0
8,67.0,9.0,6.0,0.0,2.0
9,67.0,4.0,3.0,0.0,1.0
10,67.0,5.0,3.0,0.0,1.0
11,67.0,11.0,8.0,0.0,1.0
0,71.0,1.0,0.0,0.0,0.0
1,71.0,6.0,4.0,0.0,1.0
2,71.0,4.0,2.0,0.0,1.0
3,71.0,8.0,5.0,0.0,1.0
4,71.0,9.0,6.0,0.0,2.0
5,71.0,9.0,6.0,0.0,2.0
6,71.0,7.0,4.0,0.0,1.0
7,71.0,2.0,1.0,0.0,0.0
8,71.0,9.0,6.0,0.0,2.0
9,71.0,5.0,3.0,0.0,1.0
10,71.0,5.0,3.0,0.0,1.0
11,71.0,11.0,8.0,0.0,1.0
0,71.0,1.0,0.0,0.0,0.0
1,71.0,6.0,4.0,0.0,1.0
2,71.0,4.0,2.0,0.0,1.0
3,71.0,8.0,5.0,0.0,1.0
4,71.0,9.0,6.0,0.0,2.0
5,71.0,9.0,6.0,0.0,2.0
6,71.0,7.0,4.0,0.0,1.0
7,71.0,2.0,1.0,0.0,0.0
8,71.0,9.0,6.0,0.0,2.0
9,71.0,5.0,3.0,0.0,1.0
10,71.0,5.0,3.0,0.0,1.0
11,71.0,11.0,8.0,0.0,1.0
0,71.0,1.0,0.0,0.0,0.0
1,71.0,6.0,4.0,0.0,1.0
2,71.0,4.0,3.0,0.0,1.0
3,71.0,8.0,5.0,0.0,1.0
4,71.0,9.0,6.0,0.0,2.0
5,71.0,9.0,6.0,0.0,2.0
6,71.0,7.0,4.0,0.0,1.0
7,71.0,2.0,1.0,0.0,0.0
8,71.0,9.0,6.0,0.0,2.0
9,71.0,5.0,3.0,0.0,1.0
10,71.0,5.0,3.0,0.0,1.0
11,71.0,11.0,8.0,0.0,1.0
0,72.0,1.0,0.0,0.0,0.0
1,72.0,6.0,4.0,0.0,1.0
2,72.0,4.0,3.0,0.0,1.0
3,72.0,8.0,5.0,0.0,1.0
4,72.0,9.0,6.0,0.0,2.0
5,72.0,9.0,6.0,0.0,2.0
6,72.0,7.0,4.0,0.0,1.0
7,72.0,2.0,1.0,0.0,0.0
8,72.0,9.0,6.0,0.0,2.0
9,72.0,5.0,3.0,0.0,1.0
10,72.0,5.0,3.0,0.0,1.0
11,72.0,11.0,8.0,0.0,1.0
0,73.0,1.0,0.0,0.0,0.0
1,73.0,6.0,4.0,0.0,1.0
2,73.0,4.0,3.0,0.0,1.0
3,73.0,8.0,5.0,0.0,2.0
4,73.0,9.0,6.0,0.0,2.0
5,73.0,10.0,6.0,0.0,2.0
6,73.0,7.0,4.0,0.0,1.0
7,73.0,2.0,1.0,0.0,0.0
8,73.0,9.0,6.0,0.0,2.0
9,73.0,5.0,3.0,0.0,1.0
10,73.0,5.0,3.0,0.0,1.0
11,73.0,11.0,8.0,0.0,1.0
0,74.0,1.0,0.0,0.0,0.0
1,74.0,6.0,4.0,0.0,1.0
2,74.0,4.0,3.0,0.0,1.0
3,74.0,8.0,5.0,0.0,2.0
4,74.0,9.0,6.0,0.0,2.0
5,74.0,10.0,6.0,0.0,2.0
6,74.0,7.0,4.0,0.0,1.0
7,74.0,2.0,1.0,0.0,0.0
8,74.0,9.0,6.0,0.0,2.0
9,74.0,5.0,3.0,0.0,1.0
10,74.0,5.0,3.0,0.0,1.0
11,74.0,11.0,8.0,0.0,1.0
0,76.0,1.0,0.0,0.0,0.0
1,76.0,6.0,4.0,0.0,1.0
2,76.0,4.0,3.0,0.0,1.0
3,76.0,8.0,5.0,0.0,2.0
4,76.0,9.0,6.0,0.0,2.0
5,76.0,10.0,6.0,0.0,2.0
6,76.0,7.0,4.0,0.0,1.0
7,76.0,2.0,1.0,0.0,0.0
8,76.0,9.0,6.0,0.0,2.0
9,76.0,5.0,3.0,0.0,1.0
10,76.0,5.0,3.0,0.0,1.0
11,76.0,12.0,8.0,0.0,1.0
0,76.0,1.0,0.0,0.0,0.0
1,76.0,6.0,4.0,0.0,1.0
2,76.0,4.0,3.0,0.0,1.0
3,76.0,8.0,5.0,0.0,2.0
4,76.0,9.0,6.0,0.0,2.0
5,76.0,10.0,6.0,0.0,2.0
6,76.0,7.0,4.0,0.0,1.0
7,76.0,2.0,1.0,0.0,0.0
8,76.0,9.0,6.0,0.0,2.0
9,76.0,5.0,3.0,0.0,1.0
10,76.0,5.0,3.0,0.0,1.0
11,76.0,12.0,8.0,0.0,1.0
0,80.0,1.0,0.0,0.0,0.0
1,80.0,6.0,4.0,0.0,1.0
2,80.0,4.0,3.0,0.0,1.0
3,80.0,8.0,5.0,0.0,2.0
4,80.0,9.0,6.0,0.0,2.0
5,80.0,10.0,6.0,0.0,2.0
6,80.0,7.0,4.0,0.0,1.0
7,80.0,2.0,1.0,0.0,0.0
8,80.0,9.0,6.0,0.0,2.0
9,80.0,5.0,3.0,0.0,1.0
10,80.0,5.0,3.0,0.0,1.0
11,80.0,12.0,8.0,0.0,1.0
0,80.0,1.0,0.0,0.0,0.0
1,80.0,6.0,4.0,0.0,1.0
2,80.0,4.0,3.0,0.0,1.0
3,80.0,8.0,5.0,0.0,2.0
4,80.0,9.0,6.0,0.0,2.0
5,80.0,10.0,6.0,0.0,2.0
6,80.0,7.0,4.0,0.0,1.0
7,80.0,2.0,1.0,0.0,0.0
8,80.0,9.0,6.0,0.0,2.0
9,80.0,5.0,3.0,0.0,1.0
10,80.0,5.0,3.0,0.0,1.0
11,80.0,12.0,8.0,0.0,1.0
0,80.0,1.0,0.0,0.0,0.0
1,80.0,6.0,4.0,0.0,1.0
2,80.0,4.0,3.0,0.0,1.0
3,80.0,8.0,5.0,0.0,2.0
4,80.0,9.0,6.0,0.0,2.0
5,80.0,10.0,6.0,0.0,2.0
6,80.0,7.0,4.0,0.0,1.0
7,80.0,2.0,1.0,0.0,0.0
8,80.0,9.0,6.0,0.0,2.0
9,80.0,5.0,3.0,0.0,1.0
10,80.0,5.0,3.0,0.0,1.0
11,80.0,12.0,8.0,0.0,1.0
0,82.0,1.0,0.0,0.0,0.0
1,82.0,6.0,4.0,0.0,1.0
2,82.0,4.0,3.0,0.0,1.0
3,82.0,8.0,5.0,0.0,2.0
4,82.0,9.0,6.0,0.0,2.0
5,82.0,10.0,6.0,0.0,2.0
6,82.0,7.0,4.0,0.0,1.0
7,82.0,2.0,1.0,0.0,0.0
8,82.0,9.0,6.0,0.0,2.0
9,82.0,5.0,3.0,0.0,1.0
10,82.0,5.0,3.0,0.0,1.0
11,82.0,12.0,8.0,0.0,1.0
0,83.0,1.0,0.0,0.0,0.0
1,83.0,6.0,4.0,0.0,1.0
2,83.0,4.0,3.0,0.0,1.0
3,83.0,8.0,5.0,0.0,2.0
4,83.0,9.0,6.0,0.0,2.0
5,83.0,10.0,6.0,0.0,2.0
6,83.0,7.0,4.0,0.0,1.0
7,83.0,2.0,1.0,0.0,0.0
8,83.0,9.0,6.0,0.0,2.0
9,83.0,5.0,3.0,0.0,1.0
10,83.0,5.0,3.0,0.0,1.0
11,83.0,12.0,8.0,0.0,1.0
0,84.0,1.0,0.0,0.0,0.0
1,84.0,7.0,4.0,0.0,1.0
2,84.0,4.0,3.0,0.0,1.0
3,84.0,8.0,5.0,0.0,2.0
4,84.0,9.0,6.0,0.0,2.0
5,84.0,10.0,6.0,0.0,2.0
6,84.0,7.0,4.0,0.0,1.0
7,84.0,2.0,1.0,0.0,0.0
8,84.0,9.0,6.0,0.0,2.0
9,84.0,5.0,3.0,0.0,1.0
10,84.0,5.0,3.0,0.0,1.0
11,84.0,12.0,8.0,0.0,1.0
0,88.0,1.0,0.0,0.0,0.0
1,88.0,7.0,4.0,0.0,1.0
2,88.0,4.0,3.0,0.0,1.0
3,88.0,8.0,5.0,0.0,2.0
4,88.0,9.0,6.0,0.0,2.0
5,88.0,10.0,6.0,0.0,2.0
6,88.0,7.0,4.0,0.0,1.0
7,88.0,2.0,1.0,0.0,0.0
8,88.0,9.0,6.0,0.0,2.0
9,88.0,5.0,3.0,0.0,1.0
10,88.0,6.0,4.0,0.0,1.0
11,88.0,12.0,8.0,0.0,1.0
0,88.0,1.0,0.0,0.0,0.0
1,88.0,7.0,4.0,0.0,1.0
2,88.0,4.0,3.0,0.0,1.0
3,88.0,8.0,5.0,0.0,2.0
4,88.0,9.0,6.0,0.0,2.0
5,88.0,10.0,6.0,0.0,2.0
6,88.0,7.0,4.0,0.0,1.0
7,88.0,2.0,1.0,0.0,0.0
8,88.0,9.0,6.0,0.0,2.0
9,88.0,5.0,3.0,0.0,1.0
10,88.0,6.0,4.0,0.0,1.0
11,88.0,12.0,8.0,0.0,1.0
0,88.0,1.0,0.0,0.0,0.0
1,88.0,7.0,4.0,0.0,1.0
2,88.0,4.0,3.0,0.0,1.0
3,88.0,8.0,5.0,0.0,2.0
4,88.0,9.0,6.0,0.0,2.0
5,88.0,10.0,6.0,0.0,2.0
6,88.0,7.0,4.0,0.0,1.0
7,88.0,2.0,1.0,0.0,0.0
8,88.0,9.0,6.0,0.0,2.0
9,88.0,5.0,3.0,0.0,1.0
10,88.0,6.0,4.0,0.0,1.0
11,88.0,12.0,8.0,0.0,1.0
0,88.0,1.0,0.0,0.0,0.0
1,88.0,7.0,4.0,0.0,1.0
2,88.0,4.0,3.0,0.0,1.0
3,88.0,8.0,5.0,0.0,2.0
4,88.0,9.0,6.0,0.0,2.0
5,88.0,10.0,6.0,0.0,2.0
6,88.0,7.0,4.0,0.0,1.0
7,88.0,2.0,1.0,0.0,0.0
8,88.0,9.0,6.0,0.0,2.0
9,88.0,5.0,3.0,0.0,1.0
10,88.0,6.0,4.0,0.0,1.0
11,88.0,12.0,8.0,0.0,1.0
0,89.0,1.0,0.0,0.0,0.0
1,89.0,7.0,4.0,0.0,1.0
2,89.0,5.0,3.0,0.0,1.0
3,89.0,9.0,5.0,0.0,2.0
4,89.0,9.0,6.0,0.0,2.0
5,89.0,10.0,6.0,0.0,2.0
6,90.0,7.0,4.0,0.0,1.0
7,89.0,3.0,1.0,0.0,0.0
8,89.0,9.0,6.0,0.0,2.0
9,89.0,5.0,3.0,0.0,1.0
10,89.0,6.0,4.0,0.0,1.0
11,89.0,12.0,8.0,0.0,1.0
0,91.0,1.0,0.0,0.0,0.0
1,91.0,7.0,4.0,0.0,1.0
2,91.0,5.0,3.0,0.0,1.0
3,91.0,9.0,5.0,0.0,2.0
4,91.0,9.0,6.0,0.0,2.0
5,91.0,10.0,6.0,0.0,2.0
6,91.0,7.0,4.0,0.0,1.0
7,91.0,3.0,1.0,0.0,0.0
8,91.0,9.0,6.0,0.0,2.0
9,91.0,5.0,3.0,0.0,1.0
10,91.0,6.0,4.0,0.0,1.0
11,91.0,12.0,8.0,0.0,1.0
0,93.0,1.0,0.0,0.0,0.0
1,93.0,7.0,4.0,0.0,1.0
2,93.0,5.0,3.0,0.0,1.0
3,93.0,9.0,5.0,0.0,2.0
4,93.0,9.0,6.0,0.0,2.0
5,93.0,10.0,6.0,0.0,2.0
6,93.0,7.0,4.0,0.0,1.0
7,93.0,3.0,1.0,0.0,0.0
8,93.0,9.0,6.0,0.0,2.0
9,93.0,5.0,3.0,0.0,1.0
10,93.0,6.0,4.0,0.0,1.0
11,93.0,12.0,8.0,0.0,1.0
0,93.0,1.0,0.0,0.0,0.0
1,93.0,7.0,4.0,0.0,1.0
2,93.0,5.0,3.0,0.0,1.0
3,93.0,9.0,5.0,0.0,2.0
4,93.0,9.0,6.0,0.0,2.0
5,93.0,10.0,6.0,0.0,2.0
6,93.0,7.0,4.0,0.0,1.0
7,93.0,3.0,1.0,0.0,0.0
8,93.0,9.0,6.0,0.0,2.0
9,93.0,5.0,3.0,0.0,1.0
10,93.0,6.0,4.0,0.0,1.0
11,93.0,12.0,8.0,0.0,1.0
0,95.0,1.0,0.0,0.0,0.0
1,95.0,7.0,4.0,0.0,1.0
2,95.0,5.0,3.0,0.0,1.0
3,95.0,9.0,5.0,0.0,2.0
4,95.0,9.0,6.0,0.0,2.0
5,95.0,10.0,6.0,0.0,2.0
6,95.0,7.0,4.0,0.0,1.0
7,95.0,3.0,1.0,0.0,0.0
8,95.0,10.0,6.0,0.0,2.0
9,95.0,5.0,3.0,0.0,1.0
10,95.0,6.0,4.0,0.0,1.0
11,95.0,12.0,8.0,0.0,1.0
0,96.0,1.0,0.0,0.0,0.0
1,96.0,7.0,4.0,0.0,1.0
2,96.0,5.0,3.0,0.0,1.0
3,96.0,9.0,5.0,0.0,2.0
4,96.0,9.0,6.0,0.0,2.0
5,96.0,10.0,6.0,0.0,2.0
6,96.0,7.0,4.0,0.0,1.0
7,96.0,3.0,1.0,0.0,0.0
8,96.0,10.0,6.0,0.0,2.0
9,96.0,5.0,3.0,0.0,1.0
10,96.0,6.0,4.0,0.0,1.0
11,96.0,12.0,8.0,0.0,1.0
0,97.0,1.0,0.0,0.0,0.0
1,97.0,7.0,4.0,0.0,1.0
2,97.0,5.0,3.0,0.0,1.0
3,97.0,9.0,5.0,0.0,2.0
4,97.0,9.0,6.0,0.0,2.0
5,97.0,10.0,6.0,0.0,2.0
6,97.0,7.0,4.0,0.0,1.0
7,97.0,3.0,1.0,0.0,0.0
8,97.0,10.0,6.0,0.0,2.0
9,97.0,5.0,3.0,0.0,1.0
10,97.0,6.0,4.0,0.0,1.0
11,97.0,12.0,8.0,0.0,1.0
0,99.0,1.0,0.0,0.0,0.0
1,99.0,7.0,4.0,0.0,1.0
2,99.0,5.0,3.0,0.0,1.0
3,99.0,9.0,6.0,0.0,2.0
4,99.0,9.0,6.0,0.0,2.0
5,99.0,10.0,6.0,0.0,2.0
6,99.0,7.0,4.0,0.0,1.0
7,99.0,3.0,1.0,0.0,0.0
8,99.0,10.0,6.0,0.0,2.0
9,99.0,5.0,3.0,0.0,1.0
10,99.0,6.0,4.0,0.0,1.0
11,99.0,13.0,9.0,0.0,1.0
0,99.0,1.0,0.0,0.0,0.0
1,99.0,7.0,4.0,0.0,1.0
2,99.0,5.0,3.0,0.0,1.0
3,99.0,9.0,6.0,0.0,2.0
4,99.0,9.0,6.0,0.0,2.0
5,99.0,10.0,6.0,0.0,2.0
6,99.0,7.0,4.0,0.0,1.0
7,99.0,3.0,1.0,0.0,0.0
8,99.0,10.0,6.0,0.0,2.0
9,99.0,5.0,3.0,0.0,1.0
10,99.0,6.0,4.0,0.0,1.0
11,99.0,13.0,9.0,0.0,1.0
0,101.0,1.0,0.0,0.0,0.0
1,102.0,7.0,4.0,0.0,1.0
2,101.0,5.0,3.0,0.0,1.0
3,101.0,9.0,6.0,0.0,2.0
4,102.0,9.0,6.0,0.0,2.0
5,101.0,10.0,6.0,0.0,2.0
6,102.0,7.0,4.0,0.0,1.0
7,101.0,3.0,1.0,0.0,0.0
8,102.0,10.0,6.0,0.0,2.0
9,101.0,5.0,3.0,0.0,1.0
10,101.0,6.0,4.0,0.0,1.0
11,101.0,13.0,9.0,0.0,1.0
0,101.0,1.0,0.0,0.0,0.0
1,102.0,7.0,4.0,0.0,1.0
2,101.0,5.0,3.0,0.0,1.0
3,101.0,9.0,6.0,0.0,2.0
4,102.0,9.0,6.0,0.0,2.0
5,101.0,10.0,6.0,0.0,2.0
6,102.0,7.0,4.0,0.0,1.0
7,101.0,3.0,1.0,0.0,0.0
8,102.0,10.0,6.0,0.0,2.0
9,101.0,5.0,3.0,0.0,1.0
10,101.0,6.0,4.0,0.0,1.0
11,101.0,13.0,9.0,0.0,1.0
0,104.0,1.0,0.0,0.0,0.0
1,104.0,7.0,4.0,0.0,1.0
2,104.0,5.0,3.0,0.0,1.0
3,104.0,9.0,6.0,0.0,2.0
4,104.0,9.0,6.0,0.0,2.0
5,104.0,10.0,6.0,0.0,2.0
6,104.0,7.0,4.0,0.0,1.0
7,104.0,3.0,1.0,0.0,0.0
8,104.0,10.0,6.0,0.0,2.0
9,104.0,5.0,3.0,0.0,1.0
10,104.0,6.0,4.0,0.0,1.0
11,104.0,13.0,9.0,0.0,1.0
0,104.0,1.0,0.0,0.0,0.0
1,104.0,7.0,4.0,0.0,1.0
2,104.0,5.0,3.0,0.0,1.0
3,104.0,9.0,6.0,0.0,2.0
4,104.0,9.0,6.0,0.0,2.0
5,104.0,10.0,6.0,0.0,2.0
6,104.0,7.0,4.0,0.0,1.0
7,104.0,3.0,1.0,0.0,0.0
8,104.0,10.0,6.0,0.0,2.0
9,104.0,5.0,3.0,0.0,1.0
10,104.0,6.0,4.0,0.0,1.0
11,104.0,13.0,9.0,0.0,1.0
0,105.0,1.0,0.0,0.0,0.0
1,105.0,7.0,4.0,0.0,1.0
2,105.0,5.0,3.0,0.0,1.0
3,105.0,9.0,6.0,0.0,2.0
4,105.0,9.0,6.0,0.0,2.0
5,105.0,10.0,6.0,0.0,2.0
6,105.0,7.0,4.0,0.0,1.0
7,105.0,3.0,1.0,0.0,0.0
8,105.0,10.0,6.0,0.0,2.0
9,105.0,5.0,3.0,0.0,1.0
10,105.0,6.0,4.0,0.0,1.0
11,105.0,13.0,9.0,0.0,1.0
0,108.0,1.0,0.0,0.0,0.0
1,108.0,7.0,4.0,0.0,1.0
2,108.0,5.0,3.0,0.0,1.0
3,108.0,9.0,6.0,0.0,2.0
4,108.0,9.0,6.0,0.0,2.0
5,108.0,10.0,6.0,0.0,2.0
6,108.0,7.0,4.0,0.0,1.0
7,108.0,3.0,1.0,0.0,0.0
8,108.0,10.0,6.0,0.0,2.0
9,108.0,5.0,3.0,0.0,1.0
10,108.0,6.0,4.0,0.0,1.0
11,108.0,13.0,9.0,0.0,1.0
0,108.0,1.0,0.0,0.0,0.0
1,108.0,7.0,4.0,0.0,1.0
2,108.0,5.0,3.0,0.0,1.0
3,108.0,9.0,6.0,0.0,2.0
4,108.0,9.0,6.0,0.0,2.0
5,108.0,10.0,6.0,0.0,2.0
6,108.0,7.0,4.0,0.0,1.0
7,108.0,3.0,1.0,0.0,0.0
8,108.0,10.0,6.0,0.0,2.0
9,108.0,5.0,3.0,0.0,1.0
10,108.0,6.0,4.0,0.0,1.0
11,108.0,13.0,9.0,0.0,1.0
0,112.0,1.0,0.0,0.0,0.0
1,112.0,7.0,4.0,0.0,1.0
2,112.0,5.0,3.0,0.0,1.0
3,112.0,9.0,6.0,0.0,2.0
4,112.0,10.0,6.0,0.0,2.0
5,112.0,10.0,6.0,0.0,2.0
6,112.0,7.0,4.0,0.0,1.0
7,112.0,3.0,1.0,0.0,0.0
8,112.0,10.0,6.0,0.0,2.0
9,112.0,5.0,3.0,0.0,1.0
10,112.0,6.0,4.0,0.0,1.0
11,112.0,13.0,9.0,0.0,1.0
0,112.0,1.0,0.0,0.0,0.0
1,112.0,7.0,4.0,0.0,1.0
2,112.0,5.0,3.0,0.0,1.0
3,112.0,9.0,6.0,0.0,2.0
4,112.0,10.0,6.0,0.0,2.0
5,112.0,10.0,6.0,0.0,2.0
6,112.0,7.0,4.0,0.0,1.0
7,112.0,3.0,1.0,0.0,0.0
8,112.0,10.0,6.0,0.0,2.0
9,112.0,5.0,3.0,0.0,1.0
10,112.0,6.0,4.0,0.0,1.0
11,112.0,13.0,9.0,0.0,1.0
0,113.0,1.0,0.0,0.0,0.0
1,113.0,7.0,4.0,0.0,1.0
2,113.0,5.0,3.0,0.0,1.0
3,113.0,9.0,6.0,0.0,2.0
4,113.0,10.0,6.0,0.0,2.0
5,113.0,10.0,6.0,0.0,2.0
6,113.0,7.0,4.0,0.0,1.0
7,113.0,3.0,1.0,0.0,0.0
8,113.0,10.0,6.0,0.0,2.0
9,113.0,5.0,3.0,0.0,1.0
10,113.0,6.0,4.0,0.0,1.0
11,113.0,13.0,9.0,0.0,1.0
0,113.0,1.0,0.0,0.0,0.0
1,113.0,7.0,4.0,0.0,1.0
2,113.0,5.0,3.0,0.0,1.0
3,113.0,9.0,6.0,0.0,2.0
4,113.0,10.0,6.0,0.0,2.0
5,113.0,10.0,6.0,0.0,2.0
6,113.0,7.0,4.0,0.0,1.0
7,113.0,3.0,1.0,0.0,0.0
8,113.0,10.0,6.0,0.0,2.0
9,113.0,5.0,3.0,0.0,1.0
10,113.0,6.0,4.0,0.0,1.0
11,113.0,13.0,9.0,0.0,1.0
0,115.0,1.0,0.0,0.0,0.0
1,115.0,7.0,4.0,0.0,1.0
2,115.0,5.0,3.0,0.0,1.0
3,115.0,9.0,6.0,0.0,2.0
4,115.0,10.0,6.0,0.0,2.0
5,115.0,10.0,6.0,0.0,2.0
6,115.0,7.0,4.0,0.0,1.0
7,115.0,3.0,1.0,0.0,0.0
8,115.0,10.0,6.0,0.0,2.0
9,115.0,5.0,3.0,0.0,1.0
10,115.0,6.0,4.0,0.0,1.0
11,115.0,13.0,9.0,0.0,1.0
0,115.0,1.0,0.0,0.0,0.0
1,115.0,7.0,4.0,0.0,1.0
2,115.0,5.0,3.0,0.0,1.0
3,115.0,9.0,6.0,0.0,2.0
4,115.0,10.0,6.0,0.0,2.0
5,115.0,10.0,6.0,0.0,2.0
6,115.0,7.0,4.0,0.0,1.0
7,115.0,3.0,1.0,0.0,0.0
8,115.0,10.0,6.0,0.0,2.0
9,115.0,5.0,3.0,0.0,1.0
10,115.0,6.0,4.0,0.0,1.0
11,115.0,13.0,9.0,0.0,1.0
0,117.0,1.0,0.0,0.0,0.0
1,117.0,7.0,4.0,0.0,1.0
2,117.0,5.0,3.0,0.0,1.0
3,117.0,9.0,6.0,0.0,2.0
4,117.0,10.0,6.0,0.0,2.0
5,117.0,10.0,6.0,0.0,2.0
6,117.0,7.0,4.0,0.0,1.0
7,117.0,3.0,1.0,0.0,0.0
8,117.0,10.0,6.0,0.0,2.0
9,117.0,5.0,3.0,0.0,1.0
10,117.0,6.0,4.0,0.0,1.0
11,117.0,14.0,9.0,0.0,1.0
0,117.0,1.0,0.0,0.0,0.0
1,117.0,7.0,4.0,0.0,1.0
2,117.0,5.0,3.0,0.0,1.0
3,117.0,9.0,6.0,0.0,2.0
4,117.0,10.0,6.0,0.0,2.0
5,117.0,10.0,6.0,0.0,2.0
6,117.0,7.0,4.0,0.0,1.0
7,117.0,3.0,1.0,0.0,0.0
8,117.0,10.0,6.0,0.0,2.0
9,117.0,5.0,3.0,0.0,1.0
10,117.0,6.0,4.0,0.0,1.0
11,117.0,14.0,9.0,0.0,1.0
0,118.0,1.0,0.0,0.0,0.0
1,118.0,7.0,4.0,0.0,1.0
2,118.0,5.0,3.0,0.0,1.0
3,118.0,9.0,6.0,0.0,2.0
4,118.0,10.0,6.0,0.0,2.0
5,118.0,10.0,6.0,0.0,2.0
6,118.0,7.0,4.0,0.0,1.0
7,118.0,3.0,1.0,0.0,0.0
8,118.0,10.0,6.0,0.0,2.0
9,118.0,5.0,3.0,0.0,1.0
10,118.0,6.0,4.0,0.0,1.0
11,118.0,14.0,9.0,0.0,1.0
